anldt,anlrst,obsrvtcd,obsrvtnm,ugrwtrl,,¿¬¿ù,Æò±Õ,¿¬µµ,Æò±Õ2
20190101,1,11749,µ¿ÇØ±Í¿î,40,,1901,1,2018,0.35989011
20190102,1,11749,µ¿ÇØ±Í¿î,43,,1902,1,2019,0.422747056
20190103,1,11749,µ¿ÇØ±Í¿î,41,,1903,1.451612903,2020,0.408333333
20190104,1,11749,µ¿ÇØ±Í¿î,40,,1904,0.3,2021,0.874103943
20190105,1,11749,µ¿ÇØ±Í¿î,39,,1905,0.451612903,2022,3
20190106,1,11749,µ¿ÇØ±Í¿î,39,,1906,0.5,,
20190107,1,11749,µ¿ÇØ±Í¿î,38,,1907,0.193548387,,
20190108,1,11749,µ¿ÇØ±Í¿î,37,,1908,0.142857143,,
20190109,1,11749,µ¿ÇØ±Í¿î,36,,1909,0.0333333333,,
20190110,1,11749,µ¿ÇØ±Í¿î,36,,1910,0,,
20190111,1,11749,µ¿ÇØ±Í¿î,35,,1911,0,,
20190112,1,11749,µ¿ÇØ±Í¿î,34,,1912,0,,
20190113,1,11749,µ¿ÇØ±Í¿î,33,,2001,0,,
20190114,1,11749,µ¿ÇØ±Í¿î,33,,2002,0,,
20190115,1,11749,µ¿ÇØ±Í¿î,33,,2003,0,,
20190116,1,11749,µ¿ÇØ±Í¿î,32,,2004,0,,
20190117,1,11749,µ¿ÇØ±Í¿î,32,,2005,0,,
20190118,1,11749,µ¿ÇØ±Í¿î,31,,2006,0.566666667,,
20190119,1,11749,µ¿ÇØ±Í¿î,31,,2007,0,,
20190120,1,11749,µ¿ÇØ±Í¿î,30,,2008,0,,
20190121,1,11749,µ¿ÇØ±Í¿î,30,,2009,0,,
20190122,1,11749,µ¿ÇØ±Í¿î,30,,2010,0,,
20190123,1,11749,µ¿ÇØ±Í¿î,30,,2011,1.333333333,,
20190124,1,11749,µ¿ÇØ±Í¿î,30,,2012,3,,
20190125,1,11749,µ¿ÇØ±Í¿î,30,,2101,3,,
20190126,1,11749,µ¿ÇØ±Í¿î,29,,2102,3,,
20190127,1,11749,µ¿ÇØ±Í¿î,29,,2103,1.193548387,,
20190128,1,11749,µ¿ÇØ±Í¿î,29,,2104,0,,
20190129,1,11749,µ¿ÇØ±Í¿î,29,,2105,0,,
20190130,1,11749,µ¿ÇØ±Í¿î,28,,2106,0,,
20190131,1,11749,µ¿ÇØ±Í¿î,28,,2107,0.129032258,,
20190201,1,11749,µ¿ÇØ±Í¿î,27,,2108,0.516129032,,
20190202,1,11749,µ¿ÇØ±Í¿î,25,,2109,0,,
20190203,1,11749,µ¿ÇØ±Í¿î,24,,2110,0,,
20190204,1,11749,µ¿ÇØ±Í¿î,24,,2111,0.166666667,,
20190205,1,11749,µ¿ÇØ±Í¿î,24,,2112,2.483870968,,
20190206,1,11749,µ¿ÇØ±Í¿î,24,,2201,3,,
20190207,1,11749,µ¿ÇØ±Í¿î,24,,,,,
20190208,1,11749,µ¿ÇØ±Í¿î,23,,,,,
20190209,1,11749,µ¿ÇØ±Í¿î,23,,,,,
20190210,1,11749,µ¿ÇØ±Í¿î,23,,,,,
20190211,1,11749,µ¿ÇØ±Í¿î,23,,,,,
20190212,1,11749,µ¿ÇØ±Í¿î,23,,,,,
20190213,1,11749,µ¿ÇØ±Í¿î,24,,,,,
20190214,1,11749,µ¿ÇØ±Í¿î,24,,,,,
20190215,1,11749,µ¿ÇØ±Í¿î,23,,,,,
20190216,1,11749,µ¿ÇØ±Í¿î,23,,,,,
20190217,1,11749,µ¿ÇØ±Í¿î,23,,,,,
20190218,1,11749,µ¿ÇØ±Í¿î,22,,,,,
20190219,1,11749,µ¿ÇØ±Í¿î,22,,,,,
20190220,1,11749,µ¿ÇØ±Í¿î,22,,,,,
20190221,1,11749,µ¿ÇØ±Í¿î,22,,,,,
20190222,1,11749,µ¿ÇØ±Í¿î,22,,,,,
20190223,1,11749,µ¿ÇØ±Í¿î,22,,,,,
20190224,1,11749,µ¿ÇØ±Í¿î,22,,,,,
20190225,1,11749,µ¿ÇØ±Í¿î,22,,,,,
20190226,1,11749,µ¿ÇØ±Í¿î,21,,,,,
20190227,1,11749,µ¿ÇØ±Í¿î,21,,,,,
20190228,1,11749,µ¿ÇØ±Í¿î,21,,,,,
20190301,1,11749,µ¿ÇØ±Í¿î,21,,,,,
20190302,2,11749,µ¿ÇØ±Í¿î,10,,,,,
20190303,2,11749,µ¿ÇØ±Í¿î,9,,,,,
20190304,2,11749,µ¿ÇØ±Í¿î,9,,,,,
20190305,2,11749,µ¿ÇØ±Í¿î,9,,,,,
20190306,2,11749,µ¿ÇØ±Í¿î,9,,,,,
20190307,2,11749,µ¿ÇØ±Í¿î,9,,,,,
20190308,2,11749,µ¿ÇØ±Í¿î,10,,,,,
20190309,2,11749,µ¿ÇØ±Í¿î,10,,,,,
20190310,2,11749,µ¿ÇØ±Í¿î,10,,,,,
20190311,2,11749,µ¿ÇØ±Í¿î,10,,,,,
20190312,2,11749,µ¿ÇØ±Í¿î,10,,,,,
20190313,2,11749,µ¿ÇØ±Í¿î,10,,,,,
20190314,2,11749,µ¿ÇØ±Í¿î,10,,,,,
20190315,2,11749,µ¿ÇØ±Í¿î,10,,,,,
20190316,2,11749,µ¿ÇØ±Í¿î,10,,,,,
20190317,2,11749,µ¿ÇØ±Í¿î,11,,,,,
20190318,2,11749,µ¿ÇØ±Í¿î,12,,,,,
20190319,2,11749,µ¿ÇØ±Í¿î,12,,,,,
20190320,2,11749,µ¿ÇØ±Í¿î,13,,,,,
20190321,2,11749,µ¿ÇØ±Í¿î,14,,,,,
20190322,1,11749,µ¿ÇØ±Í¿î,16,,,,,
20190323,1,11749,µ¿ÇØ±Í¿î,21,,,,,
20190324,1,11749,µ¿ÇØ±Í¿î,31,,,,,
20190325,1,11749,µ¿ÇØ±Í¿î,46,,,,,
20190326,0,11749,µ¿ÇØ±Í¿î,51,,,,,
20190327,0,11749,µ¿ÇØ±Í¿î,54,,,,,
20190328,0,11749,µ¿ÇØ±Í¿î,56,,,,,
20190329,0,11749,µ¿ÇØ±Í¿î,58,,,,,
20190330,0,11749,µ¿ÇØ±Í¿î,57,,,,,
20190331,0,11749,µ¿ÇØ±Í¿î,54,,,,,
20190401,0,11749,µ¿ÇØ±Í¿î,51,,,,,
20190402,1,11749,µ¿ÇØ±Í¿î,43,,,,,
20190403,1,11749,µ¿ÇØ±Í¿î,41,,,,,
20190404,1,11749,µ¿ÇØ±Í¿î,40,,,,,
20190405,1,11749,µ¿ÇØ±Í¿î,38,,,,,
20190406,1,11749,µ¿ÇØ±Í¿î,35,,,,,
20190407,1,11749,µ¿ÇØ±Í¿î,34,,,,,
20190408,1,11749,µ¿ÇØ±Í¿î,33,,,,,
20190409,1,11749,µ¿ÇØ±Í¿î,31,,,,,
20190410,1,11749,µ¿ÇØ±Í¿î,30,,,,,
20190411,0,11749,µ¿ÇØ±Í¿î,60,,,,,
20190412,0,11749,µ¿ÇØ±Í¿î,72,,,,,
20190413,0,11749,µ¿ÇØ±Í¿î,76,,,,,
20190414,0,11749,µ¿ÇØ±Í¿î,77,,,,,
20190415,0,11749,µ¿ÇØ±Í¿î,77,,,,,
20190416,0,11749,µ¿ÇØ±Í¿î,77,,,,,
20190417,0,11749,µ¿ÇØ±Í¿î,77,,,,,
20190418,0,11749,µ¿ÇØ±Í¿î,76,,,,,
20190419,0,11749,µ¿ÇØ±Í¿î,76,,,,,
20190420,0,11749,µ¿ÇØ±Í¿î,75,,,,,
20190421,0,11749,µ¿ÇØ±Í¿î,75,,,,,
20190422,0,11749,µ¿ÇØ±Í¿î,74,,,,,
20190423,0,11749,µ¿ÇØ±Í¿î,74,,,,,
20190424,0,11749,µ¿ÇØ±Í¿î,73,,,,,
20190425,0,11749,µ¿ÇØ±Í¿î,72,,,,,
20190426,0,11749,µ¿ÇØ±Í¿î,72,,,,,
20190427,0,11749,µ¿ÇØ±Í¿î,79,,,,,
20190428,0,11749,µ¿ÇØ±Í¿î,80,,,,,
20190429,0,11749,µ¿ÇØ±Í¿î,78,,,,,
20190430,0,11749,µ¿ÇØ±Í¿î,77,,,,,
20190501,0,11749,µ¿ÇØ±Í¿î,77,,,,,
20190502,0,11749,µ¿ÇØ±Í¿î,80,,,,,
20190503,0,11749,µ¿ÇØ±Í¿î,79,,,,,
20190504,0,11749,µ¿ÇØ±Í¿î,79,,,,,
20190505,0,11749,µ¿ÇØ±Í¿î,78,,,,,
20190506,0,11749,µ¿ÇØ±Í¿î,77,,,,,
20190507,0,11749,µ¿ÇØ±Í¿î,76,,,,,
20190508,0,11749,µ¿ÇØ±Í¿î,74,,,,,
20190509,0,11749,µ¿ÇØ±Í¿î,73,,,,,
20190510,0,11749,µ¿ÇØ±Í¿î,70,,,,,
20190511,0,11749,µ¿ÇØ±Í¿î,67,,,,,
20190512,0,11749,µ¿ÇØ±Í¿î,64,,,,,
20190513,0,11749,µ¿ÇØ±Í¿î,61,,,,,
20190514,0,11749,µ¿ÇØ±Í¿î,60,,,,,
20190515,0,11749,µ¿ÇØ±Í¿î,58,,,,,
20190516,0,11749,µ¿ÇØ±Í¿î,54,,,,,
20190517,0,11749,µ¿ÇØ±Í¿î,50,,,,,
20190518,1,11749,µ¿ÇØ±Í¿î,47,,,,,
20190519,1,11749,µ¿ÇØ±Í¿î,48,,,,,
20190520,1,11749,µ¿ÇØ±Í¿î,47,,,,,
20190521,1,11749,µ¿ÇØ±Í¿î,46,,,,,
20190522,1,11749,µ¿ÇØ±Í¿î,45,,,,,
20190523,1,11749,µ¿ÇØ±Í¿î,40,,,,,
20190524,1,11749,µ¿ÇØ±Í¿î,38,,,,,
20190525,1,11749,µ¿ÇØ±Í¿î,35,,,,,
20190526,1,11749,µ¿ÇØ±Í¿î,31,,,,,
20190527,1,11749,µ¿ÇØ±Í¿î,30,,,,,
20190528,1,11749,µ¿ÇØ±Í¿î,26,,,,,
20190529,1,11749,µ¿ÇØ±Í¿î,24,,,,,
20190530,1,11749,µ¿ÇØ±Í¿î,21,,,,,
20190531,1,11749,µ¿ÇØ±Í¿î,21,,,,,
20190601,1,11749,µ¿ÇØ±Í¿î,21,,,,,
20190602,1,11749,µ¿ÇØ±Í¿î,21,,,,,
20190603,1,11749,µ¿ÇØ±Í¿î,21,,,,,
20190604,1,11749,µ¿ÇØ±Í¿î,21,,,,,
20190605,1,11749,µ¿ÇØ±Í¿î,21,,,,,
20190606,1,11749,µ¿ÇØ±Í¿î,21,,,,,
20190607,1,11749,µ¿ÇØ±Í¿î,21,,,,,
20190608,1,11749,µ¿ÇØ±Í¿î,21,,,,,
20190609,1,11749,µ¿ÇØ±Í¿î,21,,,,,
20190610,1,11749,µ¿ÇØ±Í¿î,21,,,,,
20190611,1,11749,µ¿ÇØ±Í¿î,21,,,,,
20190612,1,11749,µ¿ÇØ±Í¿î,21,,,,,
20190613,1,11749,µ¿ÇØ±Í¿î,21,,,,,
20190614,1,11749,µ¿ÇØ±Í¿î,21,,,,,
20190615,1,11749,µ¿ÇØ±Í¿î,21,,,,,
20190616,0,11749,µ¿ÇØ±Í¿î,75,,,,,
20190617,0,11749,µ¿ÇØ±Í¿î,74,,,,,
20190618,0,11749,µ¿ÇØ±Í¿î,73,,,,,
20190619,0,11749,µ¿ÇØ±Í¿î,73,,,,,
20190620,0,11749,µ¿ÇØ±Í¿î,71,,,,,
20190621,0,11749,µ¿ÇØ±Í¿î,71,,,,,
20190622,0,11749,µ¿ÇØ±Í¿î,71,,,,,
20190623,0,11749,µ¿ÇØ±Í¿î,71,,,,,
20190624,0,11749,µ¿ÇØ±Í¿î,69,,,,,
20190625,0,11749,µ¿ÇØ±Í¿î,68,,,,,
20190626,0,11749,µ¿ÇØ±Í¿î,69,,,,,
20190627,0,11749,µ¿ÇØ±Í¿î,69,,,,,
20190628,0,11749,µ¿ÇØ±Í¿î,68,,,,,
20190629,0,11749,µ¿ÇØ±Í¿î,65,,,,,
20190630,0,11749,µ¿ÇØ±Í¿î,69,,,,,
20190701,0,11749,µ¿ÇØ±Í¿î,68,,,,,
20190702,0,11749,µ¿ÇØ±Í¿î,63,,,,,
20190703,0,11749,µ¿ÇØ±Í¿î,58,,,,,
20190704,0,11749,µ¿ÇØ±Í¿î,54,,,,,
20190705,0,11749,µ¿ÇØ±Í¿î,50,,,,,
20190706,1,11749,µ¿ÇØ±Í¿î,46,,,,,
20190707,1,11749,µ¿ÇØ±Í¿î,42,,,,,
20190708,1,11749,µ¿ÇØ±Í¿î,39,,,,,
20190709,1,11749,µ¿ÇØ±Í¿î,36,,,,,
20190710,1,11749,µ¿ÇØ±Í¿î,37,,,,,
20190711,1,11749,µ¿ÇØ±Í¿î,38,,,,,
20190712,0,11749,µ¿ÇØ±Í¿î,78,,,,,
20190713,0,11749,µ¿ÇØ±Í¿î,76,,,,,
20190714,0,11749,µ¿ÇØ±Í¿î,74,,,,,
20190715,0,11749,µ¿ÇØ±Í¿î,72,,,,,
20190716,0,11749,µ¿ÇØ±Í¿î,71,,,,,
20190717,0,11749,µ¿ÇØ±Í¿î,71,,,,,
20190718,0,11749,µ¿ÇØ±Í¿î,70,,,,,
20190719,0,11749,µ¿ÇØ±Í¿î,70,,,,,
20190720,0,11749,µ¿ÇØ±Í¿î,69,,,,,
20190721,0,11749,µ¿ÇØ±Í¿î,76,,,,,
20190722,0,11749,µ¿ÇØ±Í¿î,76,,,,,
20190723,0,11749,µ¿ÇØ±Í¿î,74,,,,,
20190724,0,11749,µ¿ÇØ±Í¿î,72,,,,,
20190725,0,11749,µ¿ÇØ±Í¿î,70,,,,,
20190726,0,11749,µ¿ÇØ±Í¿î,70,,,,,
20190727,0,11749,µ¿ÇØ±Í¿î,69,,,,,
20190728,0,11749,µ¿ÇØ±Í¿î,68,,,,,
20190729,0,11749,µ¿ÇØ±Í¿î,68,,,,,
20190730,0,11749,µ¿ÇØ±Í¿î,67,,,,,
20190731,0,11749,µ¿ÇØ±Í¿î,67,,,,,
20190801,0,11749,µ¿ÇØ±Í¿î,65,,,,,
20190802,0,11749,µ¿ÇØ±Í¿î,63,,,,,
20190803,4,11749,µ¿ÇØ±Í¿î,1,,,,,
20190804,0,11749,µ¿ÇØ±Í¿î,59,,,,,
20190805,0,11749,µ¿ÇØ±Í¿î,59,,,,,
20190806,0,11749,µ¿ÇØ±Í¿î,54,,,,,
20190807,0,11749,µ¿ÇØ±Í¿î,53,,,,,
20190808,0,11749,µ¿ÇØ±Í¿î,77,,,,,
20190809,0,11749,µ¿ÇØ±Í¿î,73,,,,,
20190810,0,11749,µ¿ÇØ±Í¿î,73,,,,,
20190811,0,11749,µ¿ÇØ±Í¿î,70,,,,,
20190812,0,11749,µ¿ÇØ±Í¿î,70,,,,,
20190813,0,11749,µ¿ÇØ±Í¿î,70,,,,,
20190814,0,11749,µ¿ÇØ±Í¿î,69,,,,,
20190815,0,11749,µ¿ÇØ±Í¿î,68,,,,,
20190816,0,11749,µ¿ÇØ±Í¿î,69,,,,,
20190820,0,11749,µ¿ÇØ±Í¿î,72,,,,,
20190821,0,11749,µ¿ÇØ±Í¿î,71,,,,,
20190822,0,11749,µ¿ÇØ±Í¿î,70,,,,,
20190823,0,11749,µ¿ÇØ±Í¿î,69,,,,,
20190824,0,11749,µ¿ÇØ±Í¿î,68,,,,,
20190825,0,11749,µ¿ÇØ±Í¿î,68,,,,,
20190826,0,11749,µ¿ÇØ±Í¿î,67,,,,,
20190827,0,11749,µ¿ÇØ±Í¿î,67,,,,,
20190828,0,11749,µ¿ÇØ±Í¿î,66,,,,,
20190829,0,11749,µ¿ÇØ±Í¿î,64,,,,,
20190830,0,11749,µ¿ÇØ±Í¿î,63,,,,,
20190831,0,11749,µ¿ÇØ±Í¿î,60,,,,,
20190901,0,11749,µ¿ÇØ±Í¿î,58,,,,,
20190902,0,11749,µ¿ÇØ±Í¿î,50,,,,,
20190903,1,11749,µ¿ÇØ±Í¿î,49,,,,,
20190904,0,11749,µ¿ÇØ±Í¿î,59,,,,,
20190905,0,11749,µ¿ÇØ±Í¿î,62,,,,,
20190906,0,11749,µ¿ÇØ±Í¿î,64,,,,,
20190907,0,11749,µ¿ÇØ±Í¿î,65,,,,,
20190908,0,11749,µ¿ÇØ±Í¿î,67,,,,,
20190909,0,11749,µ¿ÇØ±Í¿î,65,,,,,
20190910,0,11749,µ¿ÇØ±Í¿î,63,,,,,
20190911,0,11749,µ¿ÇØ±Í¿î,62,,,,,
20190912,0,11749,µ¿ÇØ±Í¿î,72,,,,,
20190913,0,11749,µ¿ÇØ±Í¿î,71,,,,,
20190914,0,11749,µ¿ÇØ±Í¿î,68,,,,,
20190915,0,11749,µ¿ÇØ±Í¿î,66,,,,,
20190916,0,11749,µ¿ÇØ±Í¿î,65,,,,,
20190917,0,11749,µ¿ÇØ±Í¿î,63,,,,,
20190918,0,11749,µ¿ÇØ±Í¿î,62,,,,,
20190919,0,11749,µ¿ÇØ±Í¿î,61,,,,,
20190920,0,11749,µ¿ÇØ±Í¿î,60,,,,,
20190921,0,11749,µ¿ÇØ±Í¿î,61,,,,,
20190922,0,11749,µ¿ÇØ±Í¿î,62,,,,,
20190923,0,11749,µ¿ÇØ±Í¿î,81,,,,,
20190924,0,11749,µ¿ÇØ±Í¿î,77,,,,,
20190925,0,11749,µ¿ÇØ±Í¿î,72,,,,,
20190926,0,11749,µ¿ÇØ±Í¿î,69,,,,,
20190927,0,11749,µ¿ÇØ±Í¿î,67,,,,,
20190928,0,11749,µ¿ÇØ±Í¿î,65,,,,,
20190929,0,11749,µ¿ÇØ±Í¿î,64,,,,,
20190930,0,11749,µ¿ÇØ±Í¿î,63,,,,,
20191001,0,11749,µ¿ÇØ±Í¿î,61,,,,,
20191002,0,11749,µ¿ÇØ±Í¿î,67,,,,,
20191003,0,11749,µ¿ÇØ±Í¿î,74,,,,,
20191004,0,11749,µ¿ÇØ±Í¿î,86,,,,,
20191005,0,11749,µ¿ÇØ±Í¿î,79,,,,,
20191006,0,11749,µ¿ÇØ±Í¿î,78,,,,,
20191007,0,11749,µ¿ÇØ±Í¿î,76,,,,,
20191008,0,11749,µ¿ÇØ±Í¿î,75,,,,,
20191009,0,11749,µ¿ÇØ±Í¿î,73,,,,,
20191010,0,11749,µ¿ÇØ±Í¿î,72,,,,,
20191011,0,11749,µ¿ÇØ±Í¿î,71,,,,,
20191012,0,11749,µ¿ÇØ±Í¿î,71,,,,,
20191013,0,11749,µ¿ÇØ±Í¿î,70,,,,,
20191014,0,11749,µ¿ÇØ±Í¿î,69,,,,,
20191015,0,11749,µ¿ÇØ±Í¿î,71,,,,,
20191016,0,11749,µ¿ÇØ±Í¿î,72,,,,,
20191107,0,11749,µ¿ÇØ±Í¿î,73,,,,,
20191108,0,11749,µ¿ÇØ±Í¿î,72,,,,,
20191109,0,11749,µ¿ÇØ±Í¿î,72,,,,,
20191110,0,11749,µ¿ÇØ±Í¿î,71,,,,,
20191111,0,11749,µ¿ÇØ±Í¿î,71,,,,,
20191112,0,11749,µ¿ÇØ±Í¿î,71,,,,,
20191113,0,11749,µ¿ÇØ±Í¿î,71,,,,,
20191114,0,11749,µ¿ÇØ±Í¿î,71,,,,,
20191115,0,11749,µ¿ÇØ±Í¿î,70,,,,,
20191116,0,11749,µ¿ÇØ±Í¿î,70,,,,,
20191117,0,11749,µ¿ÇØ±Í¿î,69,,,,,
20191118,0,11749,µ¿ÇØ±Í¿î,69,,,,,
20191119,0,11749,µ¿ÇØ±Í¿î,69,,,,,
20191120,0,11749,µ¿ÇØ±Í¿î,69,,,,,
20191121,0,11749,µ¿ÇØ±Í¿î,69,,,,,
20191122,0,11749,µ¿ÇØ±Í¿î,68,,,,,
20191123,0,11749,µ¿ÇØ±Í¿î,67,,,,,
20191124,0,11749,µ¿ÇØ±Í¿î,67,,,,,
20191125,0,11749,µ¿ÇØ±Í¿î,67,,,,,
20191126,0,11749,µ¿ÇØ±Í¿î,70,,,,,
20191127,0,11749,µ¿ÇØ±Í¿î,70,,,,,
20191128,0,11749,µ¿ÇØ±Í¿î,71,,,,,
20191129,0,11749,µ¿ÇØ±Í¿î,73,,,,,
20191130,0,11749,µ¿ÇØ±Í¿î,76,,,,,
20191201,0,11749,µ¿ÇØ±Í¿î,75,,,,,
20191202,0,11749,µ¿ÇØ±Í¿î,7.833,,,,,
20191203,0,11749,µ¿ÇØ±Í¿î,7.777,,,,,
20191204,0,11749,µ¿ÇØ±Í¿î,7.708,,,,,
20191205,0,11749,µ¿ÇØ±Í¿î,7.742,,,,,
20191206,0,11749,µ¿ÇØ±Í¿î,7.676,,,,,
20191207,0,11749,µ¿ÇØ±Í¿î,7.628,,,,,
20191208,0,11749,µ¿ÇØ±Í¿î,7.612,,,,,
20191209,0,11749,µ¿ÇØ±Í¿î,7.597,,,,,
20191210,0,11749,µ¿ÇØ±Í¿î,7.582,,,,,
20191211,0,11749,µ¿ÇØ±Í¿î,7.566,,,,,
20191212,0,11749,µ¿ÇØ±Í¿î,7.566,,,,,
20191213,0,11749,µ¿ÇØ±Í¿î,7.458,,,,,
20191214,0,11749,µ¿ÇØ±Í¿î,7.409,,,,,
20191215,0,11749,µ¿ÇØ±Í¿î,7.426,,,,,
20191216,0,11749,µ¿ÇØ±Í¿î,7.357,,,,,
20191217,0,11749,µ¿ÇØ±Í¿î,7.357,,,,,
20191218,0,11749,µ¿ÇØ±Í¿î,7.409,,,,,
20191219,0,11749,µ¿ÇØ±Í¿î,7.474,,,,,
20191220,0,11749,µ¿ÇØ±Í¿î,7.442,,,,,
20191221,0,11749,µ¿ÇØ±Í¿î,7.299,,,,,
20191222,0,11749,µ¿ÇØ±Í¿î,7.232,,,,,
20191223,0,11749,µ¿ÇØ±Í¿î,7.179,,,,,
20191224,0,11749,µ¿ÇØ±Í¿î,7.116,,,,,
20191225,0,11749,µ¿ÇØ±Í¿î,7.038,,,,,
20191226,0,11749,µ¿ÇØ±Í¿î,6.993,,,,,
20191227,0,11749,µ¿ÇØ±Í¿î,6.892,,,,,
20191228,0,11749,µ¿ÇØ±Í¿î,6.838,,,,,
20191229,0,11749,µ¿ÇØ±Í¿î,6.726,,,,,
20191230,0,11749,µ¿ÇØ±Í¿î,6.667,,,,,
20191231,0,11749,µ¿ÇØ±Í¿î,6.607,,,,,
20200101,0,11749,µ¿ÇØ±Í¿î,6.477,,,,,
20200102,0,11749,µ¿ÇØ±Í¿î,6.407,,,,,
20200103,0,11749,µ¿ÇØ±Í¿î,6.335,,,,,
20200104,0,11749,µ¿ÇØ±Í¿î,6.258,,,,,
20200105,0,11749,µ¿ÇØ±Í¿î,6.084,,,,,
20200106,0,11749,µ¿ÇØ±Í¿î,6.176,,,,,
20200107,0,11749,µ¿ÇØ±Í¿î,6.084,,,,,
20200108,0,11749,µ¿ÇØ±Í¿î,7.299,,,,,
20200109,0,11749,µ¿ÇØ±Í¿î,7.628,,,,,
20200110,0,11749,µ¿ÇØ±Í¿î,7.708,,,,,
20200111,0,11749,µ¿ÇØ±Í¿î,7.725,,,,,
20200112,0,11749,µ¿ÇØ±Í¿î,7.725,,,,,
20200113,0,11749,µ¿ÇØ±Í¿î,7.708,,,,,
20200114,0,11749,µ¿ÇØ±Í¿î,7.692,,,,,
20200115,0,11749,µ¿ÇØ±Í¿î,7.676,,,,,
20200116,0,11749,µ¿ÇØ±Í¿î,7.676,,,,,
20200117,0,11749,µ¿ÇØ±Í¿î,7.659,,,,,
20200118,0,11749,µ¿ÇØ±Í¿î,7.644,,,,,
20200119,0,11749,µ¿ÇØ±Í¿î,7.628,,,,,
20200120,0,11749,µ¿ÇØ±Í¿î,7.489,,,,,
20200121,0,11749,µ¿ÇØ±Í¿î,7.458,,,,,
20200122,0,11749,µ¿ÇØ±Í¿î,7.505,,,,,
20200123,0,11749,µ¿ÇØ±Í¿î,7.426,,,,,
20200124,0,11749,µ¿ÇØ±Í¿î,7.256,,,,,
20200125,0,11749,µ¿ÇØ±Í¿î,7.149,,,,,
20200126,0,11749,µ¿ÇØ±Í¿î,7.079,,,,,
20200127,0,11749,µ¿ÇØ±Í¿î,7.038,,,,,
20200128,0,11749,µ¿ÇØ±Í¿î,7.079,,,,,
20200129,0,11749,µ¿ÇØ±Í¿î,7.566,,,,,
20200130,0,11749,µ¿ÇØ±Í¿î,7.692,,,,,
20200131,0,11749,µ¿ÇØ±Í¿î,7.742,,,,,
20200201,0,11749,µ¿ÇØ±Í¿î,7.725,,,,,
20200202,0,11749,µ¿ÇØ±Í¿î,7.725,,,,,
20200203,0,11749,µ¿ÇØ±Í¿î,7.725,,,,,
20200204,0,11749,µ¿ÇØ±Í¿î,7.708,,,,,
20200205,0,11749,µ¿ÇØ±Í¿î,7.692,,,,,
20200206,0,11749,µ¿ÇØ±Í¿î,7.676,,,,,
20200207,0,11749,µ¿ÇØ±Í¿î,7.676,,,,,
20200208,0,11749,µ¿ÇØ±Í¿î,7.659,,,,,
20200209,0,11749,µ¿ÇØ±Í¿î,7.659,,,,,
20200210,0,11749,µ¿ÇØ±Í¿î,7.644,,,,,
20200211,0,11749,µ¿ÇØ±Í¿î,7.612,,,,,
20200212,0,11749,µ¿ÇØ±Í¿î,7.612,,,,,
20200213,0,11749,µ¿ÇØ±Í¿î,7.612,,,,,
20200214,0,11749,µ¿ÇØ±Í¿î,7.612,,,,,
20200219,0,11749,µ¿ÇØ±Í¿î,7.116,,,,,
20200220,0,11749,µ¿ÇØ±Í¿î,7.116,,,,,
20200221,0,11749,µ¿ÇØ±Í¿î,7.149,,,,,
20200222,0,11749,µ¿ÇØ±Í¿î,7.149,,,,,
20200223,0,11749,µ¿ÇØ±Í¿î,7.116,,,,,
20200224,0,11749,µ¿ÇØ±Í¿î,7.116,,,,,
20200226,0,11749,µ¿ÇØ±Í¿î,7.179,,,,,
20200227,0,11749,µ¿ÇØ±Í¿î,7.375,,,,,
20200228,0,11749,µ¿ÇØ±Í¿î,7.409,,,,,
20200229,0,11749,µ¿ÇØ±Í¿î,7.426,,,,,
20200301,0,11749,µ¿ÇØ±Í¿î,7.409,,,,,
20200302,0,11749,µ¿ÇØ±Í¿î,7.375,,,,,
20200303,0,11749,µ¿ÇØ±Í¿î,7.338,,,,,
20200304,0,11749,µ¿ÇØ±Í¿î,7.319,,,,,
20200305,0,11749,µ¿ÇØ±Í¿î,7.299,,,,,
20200306,0,11749,µ¿ÇØ±Í¿î,7.256,,,,,
20200307,0,11749,µ¿ÇØ±Í¿î,7.232,,,,,
20200308,0,11749,µ¿ÇØ±Í¿î,7.232,,,,,
20200309,0,11749,µ¿ÇØ±Í¿î,7.179,,,,,
20200310,0,11749,µ¿ÇØ±Í¿î,7.179,,,,,
20200311,0,11749,µ¿ÇØ±Í¿î,7.442,,,,,
20200312,0,11749,µ¿ÇØ±Í¿î,7.357,,,,,
20200313,0,11749,µ¿ÇØ±Í¿î,7.319,,,,,
20200314,0,11749,µ¿ÇØ±Í¿î,7.256,,,,,
20200315,0,11749,µ¿ÇØ±Í¿î,7.232,,,,,
20200316,0,11749,µ¿ÇØ±Í¿î,7.232,,,,,
20200317,0,11749,µ¿ÇØ±Í¿î,7.232,,,,,
20200318,0,11749,µ¿ÇØ±Í¿î,7.232,,,,,
20200319,0,11749,µ¿ÇØ±Í¿î,7.207,,,,,
20200320,0,11749,µ¿ÇØ±Í¿î,7.207,,,,,
20200321,0,11749,µ¿ÇØ±Í¿î,7.207,,,,,
20200322,0,11749,µ¿ÇØ±Í¿î,7.179,,,,,
20200323,0,11749,µ¿ÇØ±Í¿î,7.179,,,,,
20200324,0,11749,µ¿ÇØ±Í¿î,7.149,,,,,
20200325,0,11749,µ¿ÇØ±Í¿î,7.149,,,,,
20200326,0,11749,µ¿ÇØ±Í¿î,7.149,,,,,
20200327,0,11749,µ¿ÇØ±Í¿î,7.895,,,,,
20200328,0,11749,µ¿ÇØ±Í¿î,7.941,,,,,
20200329,0,11749,µ¿ÇØ±Í¿î,7.941,,,,,
20200330,0,11749,µ¿ÇØ±Í¿î,7.917,,,,,
20200331,0,11749,µ¿ÇØ±Í¿î,7.895,,,,,
20200401,0,11749,µ¿ÇØ±Í¿î,7.874,,,,,
20200402,0,11749,µ¿ÇØ±Í¿î,7.874,,,,,
20200403,0,11749,µ¿ÇØ±Í¿î,7.833,,,,,
20200404,0,11749,µ¿ÇØ±Í¿î,7.795,,,,,
20200405,0,11749,µ¿ÇØ±Í¿î,7.742,,,,,
20200406,0,11749,µ¿ÇØ±Í¿î,7.725,,,,,
20200407,0,11749,µ¿ÇØ±Í¿î,7.692,,,,,
20200408,0,11749,µ¿ÇØ±Í¿î,7.676,,,,,
20200409,0,11749,µ¿ÇØ±Í¿î,7.644,,,,,
20200410,0,11749,µ¿ÇØ±Í¿î,7.628,,,,,
20200411,0,11749,µ¿ÇØ±Í¿î,7.597,,,,,
20200412,0,11749,µ¿ÇØ±Í¿î,7.566,,,,,
20200413,0,11749,µ¿ÇØ±Í¿î,7.742,,,,,
20200414,0,11749,µ¿ÇØ±Í¿î,7.814,,,,,
20200415,0,11749,µ¿ÇØ±Í¿î,7.833,,,,,
20200416,0,11749,µ¿ÇØ±Í¿î,7.853,,,,,
20200417,0,11749,µ¿ÇØ±Í¿î,7.853,,,,,
20200418,0,11749,µ¿ÇØ±Í¿î,7.853,,,,,
20200419,0,11749,µ¿ÇØ±Í¿î,7.795,,,,,
20200420,0,11749,µ¿ÇØ±Í¿î,7.777,,,,,
20200421,0,11749,µ¿ÇØ±Í¿î,7.991,,,,,
20200422,0,11749,µ¿ÇØ±Í¿î,7.965,,,,,
20200423,0,11749,µ¿ÇØ±Í¿î,7.941,,,,,
20200424,0,11749,µ¿ÇØ±Í¿î,7.895,,,,,
20200425,0,11749,µ¿ÇØ±Í¿î,7.874,,,,,
20200426,0,11749,µ¿ÇØ±Í¿î,7.853,,,,,
20200427,0,11749,µ¿ÇØ±Í¿î,7.853,,,,,
20200428,0,11749,µ¿ÇØ±Í¿î,7.853,,,,,
20200429,0,11749,µ¿ÇØ±Í¿î,7.795,,,,,
20200430,0,11749,µ¿ÇØ±Í¿î,7.725,,,,,
20200501,0,11749,µ¿ÇØ±Í¿î,7.659,,,,,
20200502,0,11749,µ¿ÇØ±Í¿î,7.582,,,,,
20200503,0,11749,µ¿ÇØ±Í¿î,7.536,,,,,
20200504,0,11749,µ¿ÇØ±Í¿î,7.536,,,,,
20200505,0,11749,µ¿ÇØ±Í¿î,7.474,,,,,
20200506,0,11749,µ¿ÇØ±Í¿î,7.442,,,,,
20200507,0,11749,µ¿ÇØ±Í¿î,7.392,,,,,
20200508,0,11749,µ¿ÇØ±Í¿î,7.742,,,,,
20200509,0,11749,µ¿ÇØ±Í¿î,7.597,,,,,
20200510,0,11749,µ¿ÇØ±Í¿î,7.777,,,,,
20200511,0,11749,µ¿ÇØ±Í¿î,7.795,,,,,
20200512,0,11749,µ¿ÇØ±Í¿î,7.644,,,,,
20200513,0,11749,µ¿ÇØ±Í¿î,7.474,,,,,
20200514,0,11749,µ¿ÇØ±Í¿î,7.357,,,,,
20200515,0,11749,µ¿ÇØ±Í¿î,7.232,,,,,
20200516,0,11749,µ¿ÇØ±Í¿î,7.426,,,,,
20200517,0,11749,µ¿ÇØ±Í¿î,7.742,,,,,
20200518,0,11749,µ¿ÇØ±Í¿î,7.489,,,,,
20200519,0,11749,µ¿ÇØ±Í¿î,7.505,,,,,
20200520,0,11749,µ¿ÇØ±Í¿î,8.206,,,,,
20200521,0,11749,µ¿ÇØ±Í¿î,8.206,,,,,
20200522,0,11749,µ¿ÇØ±Í¿î,7.708,,,,,
20200523,0,11749,µ¿ÇØ±Í¿î,7.676,,,,,
20200524,0,11749,µ¿ÇØ±Í¿î,7.644,,,,,
20200525,0,11749,µ¿ÇØ±Í¿î,7.612,,,,,
20200526,0,11749,µ¿ÇØ±Í¿î,7.597,,,,,
20200527,0,11749,µ¿ÇØ±Í¿î,7.536,,,,,
20200528,0,11749,µ¿ÇØ±Í¿î,7.52,,,,,
20200529,0,11749,µ¿ÇØ±Í¿î,7.474,,,,,
20200530,0,11749,µ¿ÇØ±Í¿î,7.442,,,,,
20200531,0,11749,µ¿ÇØ±Í¿î,7.357,,,,,
20200601,0,11749,µ¿ÇØ±Í¿î,7.149,,,,,
20200602,0,11749,µ¿ÇØ±Í¿î,6.993,,,,,
20200603,0,11749,µ¿ÇØ±Í¿î,6.892,,,,,
20200604,0,11749,µ¿ÇØ±Í¿î,6.783,,,,,
20200605,0,11749,µ¿ÇØ±Í¿î,6.543,,,,,
20200606,0,11749,µ¿ÇØ±Í¿î,6.335,,,,,
20200607,0,11749,µ¿ÇØ±Í¿î,6.258,,,,,
20200608,0,11749,µ¿ÇØ±Í¿î,6.258,,,,,
20200609,0,11749,µ¿ÇØ±Í¿î,6.176,,,,,
20200610,0,11749,µ¿ÇØ±Í¿î,6.084,,,,,
20200611,0,11749,µ¿ÇØ±Í¿î,5.98,,,,,
20200612,0,11749,µ¿ÇØ±Í¿î,5.98,,,,,
20200613,0,11749,µ¿ÇØ±Í¿î,5.864,,,,,
20200614,0,11749,µ¿ÇØ±Í¿î,5.74,,,,,
20200615,0,11749,µ¿ÇØ±Í¿î,5.74,,,,,
20200616,0,11749,µ¿ÇØ±Í¿î,5.486,,,,,
20200617,0,11749,µ¿ÇØ±Í¿î,5.486,,,,,
20200618,1,11749,µ¿ÇØ±Í¿î,5.356,,,,,
20200619,1,11749,µ¿ÇØ±Í¿î,5.22,,,,,
20200620,1,11749,µ¿ÇØ±Í¿î,5.091,,,,,
20200621,1,11749,µ¿ÇØ±Í¿î,4.978,,,,,
20200622,1,11749,µ¿ÇØ±Í¿î,4.879,,,,,
20200623,1,11749,µ¿ÇØ±Í¿î,4.789,,,,,
20200624,1,11749,µ¿ÇØ±Í¿î,4.706,,,,,
20200625,1,11749,µ¿ÇØ±Í¿î,4.628,,,,,
20200626,1,11749,µ¿ÇØ±Í¿î,4.485,,,,,
20200627,2,11749,µ¿ÇØ±Í¿î,4.417,,,,,
20200628,2,11749,µ¿ÇØ±Í¿î,4.28,,,,,
20200629,2,11749,µ¿ÇØ±Í¿î,4.209,,,,,
20200630,2,11749,µ¿ÇØ±Í¿î,4.134,,,,,
20200701,0,11749,µ¿ÇØ±Í¿î,7.874,,,,,
20200702,0,11749,µ¿ÇØ±Í¿î,7.941,,,,,
20200703,0,11749,µ¿ÇØ±Í¿î,7.917,,,,,
20200704,0,11749,µ¿ÇØ±Í¿î,7.895,,,,,
20200705,0,11749,µ¿ÇØ±Í¿î,7.874,,,,,
20200706,0,11749,µ¿ÇØ±Í¿î,7.814,,,,,
20200707,0,11749,µ¿ÇØ±Í¿î,7.777,,,,,
20200708,0,11749,µ¿ÇØ±Í¿î,7.742,,,,,
20200709,0,11749,µ¿ÇØ±Í¿î,7.725,,,,,
20200710,0,11749,µ¿ÇØ±Í¿î,7.692,,,,,
20200711,0,11749,µ¿ÇØ±Í¿î,7.777,,,,,
20200712,0,11749,µ¿ÇØ±Í¿î,7.742,,,,,
20200713,0,11749,µ¿ÇØ±Í¿î,7.725,,,,,
20200714,0,11749,µ¿ÇØ±Í¿î,8.532,,,,,
20200715,0,11749,µ¿ÇØ±Í¿î,8.736,,,,,
20200716,0,11749,µ¿ÇØ±Í¿î,8.411,,,,,
20200717,0,11749,µ¿ÇØ±Í¿î,8.206,,,,,
20200718,0,11749,µ¿ÇØ±Í¿î,8.082,,,,,
20200719,0,11749,µ¿ÇØ±Í¿î,7.991,,,,,
20200720,0,11749,µ¿ÇØ±Í¿î,7.895,,,,,
20200721,0,11749,µ¿ÇØ±Í¿î,7.853,,,,,
20200722,0,11749,µ¿ÇØ±Í¿î,7.777,,,,,
20200723,0,11749,µ¿ÇØ±Í¿î,7.725,,,,,
20200724,0,11749,µ¿ÇØ±Í¿î,7.725,,,,,
20200725,0,11749,µ¿ÇØ±Í¿î,8.736,,,,,
20200726,0,11749,µ¿ÇØ±Í¿î,8.736,,,,,
20200727,0,11749,µ¿ÇØ±Í¿î,8.532,,,,,
20200728,0,11749,µ¿ÇØ±Í¿î,8.326,,,,,
20200729,0,11749,µ¿ÇØ±Í¿î,8.206,,,,,
20200730,0,11749,µ¿ÇØ±Í¿î,8.532,,,,,
20200731,0,11749,µ¿ÇØ±Í¿î,8.411,,,,,
20200801,0,11749,µ¿ÇØ±Í¿î,8.26,,,,,
20200802,0,11749,µ¿ÇØ±Í¿î,8.119,,,,,
20200803,0,11749,µ¿ÇØ±Í¿î,8.05,,,,,
20200804,0,11749,µ¿ÇØ±Í¿î,8.019,,,,,
20200805,0,11749,µ¿ÇØ±Í¿î,7.991,,,,,
20200806,0,11749,µ¿ÇØ±Í¿î,7.991,,,,,
20200807,0,11749,µ¿ÇØ±Í¿î,8.05,,,,,
20200808,0,11749,µ¿ÇØ±Í¿î,7.991,,,,,
20200809,0,11749,µ¿ÇØ±Í¿î,7.991,,,,,
20200810,0,11749,µ¿ÇØ±Í¿î,7.991,,,,,
20200811,0,11749,µ¿ÇØ±Í¿î,8.26,,,,,
20200812,0,11749,µ¿ÇØ±Í¿î,8.326,,,,,
20200813,0,11749,µ¿ÇØ±Í¿î,8.206,,,,,
20200814,0,11749,µ¿ÇØ±Í¿î,8.05,,,,,
20200815,0,11749,µ¿ÇØ±Í¿î,7.941,,,,,
20200816,0,11749,µ¿ÇØ±Í¿î,7.965,,,,,
20200817,0,11749,µ¿ÇØ±Í¿î,7.874,,,,,
20200818,0,11749,µ¿ÇØ±Í¿î,7.814,,,,,
20200819,0,11749,µ¿ÇØ±Í¿î,7.777,,,,,
20200820,0,11749,µ¿ÇØ±Í¿î,7.725,,,,,
20200821,0,11749,µ¿ÇØ±Í¿î,7.708,,,,,
20200822,0,11749,µ¿ÇØ±Í¿î,7.692,,,,,
20200823,0,11749,µ¿ÇØ±Í¿î,7.692,,,,,
20200824,0,11749,µ¿ÇØ±Í¿î,7.742,,,,,
20200825,0,11749,µ¿ÇØ±Í¿î,7.692,,,,,
20200826,0,11749,µ¿ÇØ±Í¿î,7.644,,,,,
20200827,0,11749,µ¿ÇØ±Í¿î,7.644,,,,,
20200828,0,11749,µ¿ÇØ±Í¿î,7.644,,,,,
20200912,0,11749,µ¿ÇØ±Í¿î,7.917,,,,,
20200913,0,11749,µ¿ÇØ±Í¿î,8.019,,,,,
20200914,0,11749,µ¿ÇØ±Í¿î,8.019,,,,,
20200915,0,11749,µ¿ÇØ±Í¿î,7.941,,,,,
20200916,0,11749,µ¿ÇØ±Í¿î,7.895,,,,,
20200917,0,11749,µ¿ÇØ±Í¿î,7.853,,,,,
20200918,0,11749,µ¿ÇØ±Í¿î,7.795,,,,,
20200919,0,11749,µ¿ÇØ±Í¿î,7.759,,,,,
20200920,0,11749,µ¿ÇØ±Í¿î,7.725,,,,,
20200921,0,11749,µ¿ÇØ±Í¿î,7.676,,,,,
20200922,0,11749,µ¿ÇØ±Í¿î,7.644,,,,,
20200923,0,11749,µ¿ÇØ±Í¿î,7.628,,,,,
20200924,0,11749,µ¿ÇØ±Í¿î,7.612,,,,,
20200925,0,11749,µ¿ÇØ±Í¿î,7.612,,,,,
20200926,0,11749,µ¿ÇØ±Í¿î,7.941,,,,,
20200927,0,11749,µ¿ÇØ±Í¿î,7.874,,,,,
20200928,0,11749,µ¿ÇØ±Í¿î,7.853,,,,,
20200929,0,11749,µ¿ÇØ±Í¿î,7.777,,,,,
20200930,0,11749,µ¿ÇØ±Í¿î,7.692,,,,,
20201001,0,11749,µ¿ÇØ±Í¿î,7.644,,,,,
20201002,0,11749,µ¿ÇØ±Í¿î,7.644,,,,,
20201003,0,11749,µ¿ÇØ±Í¿î,7.582,,,,,
20201004,0,11749,µ¿ÇØ±Í¿î,7.566,,,,,
20201005,0,11749,µ¿ÇØ±Í¿î,7.551,,,,,
20201006,0,11749,µ¿ÇØ±Í¿î,7.505,,,,,
20201007,0,11749,µ¿ÇØ±Í¿î,7.489,,,,,
20201008,0,11749,µ¿ÇØ±Í¿î,7.458,,,,,
20201009,0,11749,µ¿ÇØ±Í¿î,7.392,,,,,
20201010,0,11749,µ¿ÇØ±Í¿î,7.319,,,,,
20201011,0,11749,µ¿ÇØ±Í¿î,7.299,,,,,
20201012,0,11749,µ¿ÇØ±Í¿î,7.207,,,,,
20201013,0,11749,µ¿ÇØ±Í¿î,7.179,,,,,
20201014,0,11749,µ¿ÇØ±Í¿î,7.149,,,,,
20201015,0,11749,µ¿ÇØ±Í¿î,7.079,,,,,
20201016,0,11749,µ¿ÇØ±Í¿î,7.038,,,,,
20201017,0,11749,µ¿ÇØ±Í¿î,6.944,,,,,
20201018,0,11749,µ¿ÇØ±Í¿î,7.179,,,,,
20201019,0,11749,µ¿ÇØ±Í¿î,7.278,,,,,
20201020,0,11749,µ¿ÇØ±Í¿î,7.179,,,,,
20201021,0,11749,µ¿ÇØ±Í¿î,6.892,,,,,
20201022,0,11749,µ¿ÇØ±Í¿î,6.667,,,,,
20201023,0,11749,µ¿ÇØ±Í¿î,6.477,,,,,
20201024,0,11749,µ¿ÇØ±Í¿î,6.407,,,,,
20201025,0,11749,µ¿ÇØ±Í¿î,6.335,,,,,
20201026,0,11749,µ¿ÇØ±Í¿î,6.176,,,,,
20201027,0,11749,µ¿ÇØ±Í¿î,6.176,,,,,
20201028,0,11749,µ¿ÇØ±Í¿î,6.176,,,,,
20201029,0,11749,µ¿ÇØ±Í¿î,6.176,,,,,
20201030,0,11749,µ¿ÇØ±Í¿î,6.084,,,,,
20201031,0,11749,µ¿ÇØ±Í¿î,6.084,,,,,
20201101,0,11749,µ¿ÇØ±Í¿î,5.98,,,,,
20201102,0,11749,µ¿ÇØ±Í¿î,5.98,,,,,
20201103,0,11749,µ¿ÇØ±Í¿î,5.864,,,,,
20201104,0,11749,µ¿ÇØ±Í¿î,5.74,,,,,
20201105,0,11749,µ¿ÇØ±Í¿î,5.613,,,,,
20201106,0,11749,µ¿ÇØ±Í¿î,5.613,,,,,
20201107,0,11749,µ¿ÇØ±Í¿î,5.486,,,,,
20201108,1,11749,µ¿ÇØ±Í¿î,5.356,,,,,
20201109,1,11749,µ¿ÇØ±Í¿î,5.356,,,,,
20201110,1,11749,µ¿ÇØ±Í¿î,5.22,,,,,
20201111,1,11749,µ¿ÇØ±Í¿î,5.091,,,,,
20201112,1,11749,µ¿ÇØ±Í¿î,5.091,,,,,
20201113,1,11749,µ¿ÇØ±Í¿î,4.879,,,,,
20201114,1,11749,µ¿ÇØ±Í¿î,4.789,,,,,
20201115,1,11749,µ¿ÇØ±Í¿î,4.706,,,,,
20201116,1,11749,µ¿ÇØ±Í¿î,4.628,,,,,
20201117,1,11749,µ¿ÇØ±Í¿î,4.485,,,,,
20201118,1,11749,µ¿ÇØ±Í¿î,4.485,,,,,
20201119,2,11749,µ¿ÇØ±Í¿î,4.417,,,,,
20201120,2,11749,µ¿ÇØ±Í¿î,4.417,,,,,
20201121,2,11749,µ¿ÇØ±Í¿î,4.349,,,,,
20201122,2,11749,µ¿ÇØ±Í¿î,4.28,,,,,
20201123,2,11749,µ¿ÇØ±Í¿î,4.209,,,,,
20201124,2,11749,µ¿ÇØ±Í¿î,4.134,,,,,
20201125,2,11749,µ¿ÇØ±Í¿î,4.134,,,,,
20201126,3,11749,µ¿ÇØ±Í¿î,4.051,,,,,
20201127,3,11749,µ¿ÇØ±Í¿î,4.051,,,,,
20201128,3,11749,µ¿ÇØ±Í¿î,3.959,,,,,
20201129,3,11749,µ¿ÇØ±Í¿î,3.959,,,,,
20201130,3,11749,µ¿ÇØ±Í¿î,3.959,,,,,
20201201,3,11749,µ¿ÇØ±Í¿î,3.852,,,,,
20201202,3,11749,µ¿ÇØ±Í¿î,3.852,,,,,
20201203,3,11749,µ¿ÇØ±Í¿î,3.852,,,,,
20201204,3,11749,µ¿ÇØ±Í¿î,3.852,,,,,
20201205,3,11749,µ¿ÇØ±Í¿î,3.719,,,,,
20201206,3,11749,µ¿ÇØ±Í¿î,3.719,,,,,
20201207,3,11749,µ¿ÇØ±Í¿î,3.719,,,,,
20201208,3,11749,µ¿ÇØ±Í¿î,3.719,,,,,
20201209,3,11749,µ¿ÇØ±Í¿î,3.719,,,,,
20201210,3,11749,µ¿ÇØ±Í¿î,3.719,,,,,
20201211,3,11749,µ¿ÇØ±Í¿î,3.719,,,,,
20201212,3,11749,µ¿ÇØ±Í¿î,3.719,,,,,
20201213,3,11749,µ¿ÇØ±Í¿î,3.719,,,,,
20201214,3,11749,µ¿ÇØ±Í¿î,3.719,,,,,
20201215,3,11749,µ¿ÇØ±Í¿î,3.719,,,,,
20201216,3,11749,µ¿ÇØ±Í¿î,3.719,,,,,
20201217,3,11749,µ¿ÇØ±Í¿î,3.719,,,,,
20201218,3,11749,µ¿ÇØ±Í¿î,3.719,,,,,
20201219,3,11749,µ¿ÇØ±Í¿î,3.719,,,,,
20201220,3,11749,µ¿ÇØ±Í¿î,3.719,,,,,
20201221,3,11749,µ¿ÇØ±Í¿î,3.719,,,,,
20201222,3,11749,µ¿ÇØ±Í¿î,3.719,,,,,
20201223,3,11749,µ¿ÇØ±Í¿î,3.719,,,,,
20201224,3,11749,µ¿ÇØ±Í¿î,3.719,,,,,
20201225,3,11749,µ¿ÇØ±Í¿î,3.719,,,,,
20201226,3,11749,µ¿ÇØ±Í¿î,3.719,,,,,
20201227,3,11749,µ¿ÇØ±Í¿î,3.719,,,,,
20201228,3,11749,µ¿ÇØ±Í¿î,3.719,,,,,
20201229,3,11749,µ¿ÇØ±Í¿î,3.719,,,,,
20201230,3,11749,µ¿ÇØ±Í¿î,3.719,,,,,
20201231,3,11749,µ¿ÇØ±Í¿î,3.719,,,,,
20210101,3,11749,µ¿ÇØ±Í¿î,3.719,,,,,
20210102,3,11749,µ¿ÇØ±Í¿î,3.719,,,,,
20210103,3,11749,µ¿ÇØ±Í¿î,3.719,,,,,
20210104,3,11749,µ¿ÇØ±Í¿î,3.719,,,,,
20210105,3,11749,µ¿ÇØ±Í¿î,3.719,,,,,
20210106,3,11749,µ¿ÇØ±Í¿î,3.719,,,,,
20210107,3,11749,µ¿ÇØ±Í¿î,3.719,,,,,
20210108,3,11749,µ¿ÇØ±Í¿î,3.719,,,,,
20210109,3,11749,µ¿ÇØ±Í¿î,3.719,,,,,
20210110,3,11749,µ¿ÇØ±Í¿î,3.719,,,,,
20210111,3,11749,µ¿ÇØ±Í¿î,3.719,,,,,
20210112,3,11749,µ¿ÇØ±Í¿î,3.719,,,,,
20210113,3,11749,µ¿ÇØ±Í¿î,3.719,,,,,
20210114,3,11749,µ¿ÇØ±Í¿î,3.719,,,,,
20210115,3,11749,µ¿ÇØ±Í¿î,3.719,,,,,
20210116,3,11749,µ¿ÇØ±Í¿î,3.719,,,,,
20210117,3,11749,µ¿ÇØ±Í¿î,3.719,,,,,
20210118,3,11749,µ¿ÇØ±Í¿î,3.719,,,,,
20210119,3,11749,µ¿ÇØ±Í¿î,3.719,,,,,
20210120,3,11749,µ¿ÇØ±Í¿î,3.719,,,,,
20210121,3,11749,µ¿ÇØ±Í¿î,3.719,,,,,
20210122,3,11749,µ¿ÇØ±Í¿î,3.719,,,,,
20210123,3,11749,µ¿ÇØ±Í¿î,3.719,,,,,
20210124,3,11749,µ¿ÇØ±Í¿î,3.719,,,,,
20210125,3,11749,µ¿ÇØ±Í¿î,3.719,,,,,
20210126,3,11749,µ¿ÇØ±Í¿î,3.719,,,,,
20210127,3,11749,µ¿ÇØ±Í¿î,3.719,,,,,
20210128,3,11749,µ¿ÇØ±Í¿î,3.719,,,,,
20210129,3,11749,µ¿ÇØ±Í¿î,3.719,,,,,
20210130,3,11749,µ¿ÇØ±Í¿î,3.719,,,,,
20210131,3,11749,µ¿ÇØ±Í¿î,3.719,,,,,
20210201,3,11749,µ¿ÇØ±Í¿î,3.719,,,,,
20210202,3,11749,µ¿ÇØ±Í¿î,3.719,,,,,
20210203,3,11749,µ¿ÇØ±Í¿î,3.719,,,,,
20210204,3,11749,µ¿ÇØ±Í¿î,3.719,,,,,
20210205,3,11749,µ¿ÇØ±Í¿î,3.719,,,,,
20210206,3,11749,µ¿ÇØ±Í¿î,3.719,,,,,
20210207,3,11749,µ¿ÇØ±Í¿î,3.719,,,,,
20210208,3,11749,µ¿ÇØ±Í¿î,3.719,,,,,
20210209,3,11749,µ¿ÇØ±Í¿î,3.719,,,,,
20210210,3,11749,µ¿ÇØ±Í¿î,3.719,,,,,
20210211,3,11749,µ¿ÇØ±Í¿î,3.719,,,,,
20210212,3,11749,µ¿ÇØ±Í¿î,3.719,,,,,
20210213,3,11749,µ¿ÇØ±Í¿î,3.719,,,,,
20210214,3,11749,µ¿ÇØ±Í¿î,3.719,,,,,
20210215,3,11749,µ¿ÇØ±Í¿î,3.719,,,,,
20210216,3,11749,µ¿ÇØ±Í¿î,3.719,,,,,
20210217,3,11749,µ¿ÇØ±Í¿î,3.719,,,,,
20210218,3,11749,µ¿ÇØ±Í¿î,3.719,,,,,
20210219,3,11749,µ¿ÇØ±Í¿î,3.719,,,,,
20210220,3,11749,µ¿ÇØ±Í¿î,3.719,,,,,
20210221,3,11749,µ¿ÇØ±Í¿î,3.719,,,,,
20210222,3,11749,µ¿ÇØ±Í¿î,3.719,,,,,
20210223,3,11749,µ¿ÇØ±Í¿î,3.719,,,,,
20210224,3,11749,µ¿ÇØ±Í¿î,3.719,,,,,
20210225,3,11749,µ¿ÇØ±Í¿î,3.719,,,,,
20210226,3,11749,µ¿ÇØ±Í¿î,3.719,,,,,
20210227,3,11749,µ¿ÇØ±Í¿î,3.719,,,,,
20210228,3,11749,µ¿ÇØ±Í¿î,3.719,,,,,
20210301,3,11749,µ¿ÇØ±Í¿î,3.719,,,,,
20210302,3,11749,µ¿ÇØ±Í¿î,3.719,,,,,
20210303,3,11749,µ¿ÇØ±Í¿î,3.719,,,,,
20210304,3,11749,µ¿ÇØ±Í¿î,3.719,,,,,
20210305,3,11749,µ¿ÇØ±Í¿î,3.719,,,,,
20210306,3,11749,µ¿ÇØ±Í¿î,3.719,,,,,
20210307,3,11749,µ¿ÇØ±Í¿î,3.719,,,,,
20210308,3,11749,µ¿ÇØ±Í¿î,3.719,,,,,
20210309,3,11749,µ¿ÇØ±Í¿î,3.719,,,,,
20210310,3,11749,µ¿ÇØ±Í¿î,3.719,,,,,
20210311,3,11749,µ¿ÇØ±Í¿î,3.719,,,,,
20210312,3,11749,µ¿ÇØ±Í¿î,3.719,,,,,
20210313,1,11749,µ¿ÇØ±Í¿î,4.789,,,,,
20210314,0,11749,µ¿ÇØ±Í¿î,6.258,,,,,
20210315,0,11749,µ¿ÇØ±Í¿î,6.667,,,,,
20210316,0,11749,µ¿ÇØ±Í¿î,6.838,,,,,
20210317,0,11749,µ¿ÇØ±Í¿î,6.944,,,,,
20210318,0,11749,µ¿ÇØ±Í¿î,6.993,,,,,
20210319,0,11749,µ¿ÇØ±Í¿î,6.993,,,,,
20210320,0,11749,µ¿ÇØ±Í¿î,6.944,,,,,
20210321,0,11749,µ¿ÇØ±Í¿î,6.993,,,,,
20210322,0,11749,µ¿ÇØ±Í¿î,6.944,,,,,
20210323,0,11749,µ¿ÇØ±Í¿î,6.892,,,,,
20210324,0,11749,µ¿ÇØ±Í¿î,6.838,,,,,
20210325,0,11749,µ¿ÇØ±Í¿î,6.783,,,,,
20210326,0,11749,µ¿ÇØ±Í¿î,6.726,,,,,
20210327,0,11749,µ¿ÇØ±Í¿î,6.607,,,,,
20210328,0,11749,µ¿ÇØ±Í¿î,6.607,,,,,
20210329,0,11749,µ¿ÇØ±Í¿î,6.543,,,,,
20210330,0,11749,µ¿ÇØ±Í¿î,6.407,,,,,
20210331,0,11749,µ¿ÇØ±Í¿î,6.407,,,,,
20210401,0,11749,µ¿ÇØ±Í¿î,6.407,,,,,
20210402,0,11749,µ¿ÇØ±Í¿î,6.335,,,,,
20210403,0,11749,µ¿ÇØ±Í¿î,6.335,,,,,
20210404,0,11749,µ¿ÇØ±Í¿î,6.607,,,,,
20210405,0,11749,µ¿ÇØ±Í¿î,7.941,,,,,
20210406,0,11749,µ¿ÇØ±Í¿î,8.019,,,,,
20210407,0,11749,µ¿ÇØ±Í¿î,7.991,,,,,
20210408,0,11749,µ¿ÇØ±Í¿î,7.941,,,,,
20210409,0,11749,µ¿ÇØ±Í¿î,7.874,,,,,
20210410,0,11749,µ¿ÇØ±Í¿î,7.991,,,,,
20210411,0,11749,µ¿ÇØ±Í¿î,7.941,,,,,
20210412,0,11749,µ¿ÇØ±Í¿î,7.895,,,,,
20210413,0,11749,µ¿ÇØ±Í¿î,7.853,,,,,
20210414,0,11749,µ¿ÇØ±Í¿î,7.855,,,,,
20210415,0,11749,µ¿ÇØ±Í¿î,7.773,,,,,
20210416,0,11749,µ¿ÇØ±Í¿î,7.692,,,,,
20210417,0,11749,µ¿ÇØ±Í¿î,7.611,,,,,
20210418,0,11749,µ¿ÇØ±Í¿î,7.53,,,,,
20210419,0,11749,µ¿ÇØ±Í¿î,7.449,,,,,
20210420,0,11749,µ¿ÇØ±Í¿î,7.368,,,,,
20210421,0,11749,µ¿ÇØ±Í¿î,7.368,,,,,
20210422,0,11749,µ¿ÇØ±Í¿î,7.287,,,,,
20210423,0,11749,µ¿ÇØ±Í¿î,7.206,,,,,
20210424,0,11749,µ¿ÇØ±Í¿î,7.124,,,,,
20210425,0,11749,µ¿ÇØ±Í¿î,7.043,,,,,
20210426,0,11749,µ¿ÇØ±Í¿î,6.962,,,,,
20210427,0,11749,µ¿ÇØ±Í¿î,6.881,,,,,
20210428,0,11749,µ¿ÇØ±Í¿î,6.8,,,,,
20210429,0,11749,µ¿ÇØ±Í¿î,6.638,,,,,
20210430,0,11749,µ¿ÇØ±Í¿î,6.556,,,,,
20210501,0,11749,µ¿ÇØ±Í¿î,6.638,,,,,
20210502,0,11749,µ¿ÇØ±Í¿î,6.719,,,,,
20210503,0,11749,µ¿ÇØ±Í¿î,7.692,,,,,
20210504,0,11749,µ¿ÇØ±Í¿î,7.773,,,,,
20210505,0,11749,µ¿ÇØ±Í¿î,7.692,,,,,
20210506,0,11749,µ¿ÇØ±Í¿î,7.611,,,,,
20210507,0,11749,µ¿ÇØ±Í¿î,7.53,,,,,
20210508,0,11749,µ¿ÇØ±Í¿î,7.449,,,,,
20210509,0,11749,µ¿ÇØ±Í¿î,7.368,,,,,
20210510,0,11749,µ¿ÇØ±Í¿î,7.287,,,,,
20210511,0,11749,µ¿ÇØ±Í¿î,7.206,,,,,
20210512,0,11749,µ¿ÇØ±Í¿î,7.124,,,,,
20210513,0,11749,µ¿ÇØ±Í¿î,7.124,,,,,
20210514,0,11749,µ¿ÇØ±Í¿î,6.962,,,,,
20210515,0,11749,µ¿ÇØ±Í¿î,6.881,,,,,
20210516,0,11749,µ¿ÇØ±Í¿î,6.881,,,,,
20210517,0,11749,µ¿ÇØ±Í¿î,7.449,,,,,
20210518,0,11749,µ¿ÇØ±Í¿î,7.936,,,,,
20210519,0,11749,µ¿ÇØ±Í¿î,7.936,,,,,
20210520,0,11749,µ¿ÇØ±Í¿î,7.855,,,,,
20210521,0,11749,µ¿ÇØ±Í¿î,7.855,,,,,
20210522,0,11749,µ¿ÇØ±Í¿î,7.855,,,,,
20210523,0,11749,µ¿ÇØ±Í¿î,7.773,,,,,
20210524,0,11749,µ¿ÇØ±Í¿î,7.692,,,,,
20210525,0,11749,µ¿ÇØ±Í¿î,7.611,,,,,
20210526,0,11749,µ¿ÇØ±Í¿î,7.53,,,,,
20210527,0,11749,µ¿ÇØ±Í¿î,7.449,,,,,
20210528,0,11749,µ¿ÇØ±Í¿î,7.368,,,,,
20210529,0,11749,µ¿ÇØ±Í¿î,7.449,,,,,
20210530,0,11749,µ¿ÇØ±Í¿î,7.368,,,,,
20210531,0,11749,µ¿ÇØ±Í¿î,7.287,,,,,
20210601,0,11749,µ¿ÇØ±Í¿î,7.287,,,,,
20210602,0,11749,µ¿ÇØ±Í¿î,7.287,,,,,
20210603,0,11749,µ¿ÇØ±Í¿î,7.206,,,,,
20210604,0,11749,µ¿ÇØ±Í¿î,7.124,,,,,
20210605,0,11749,µ¿ÇØ±Í¿î,7.206,,,,,
20210606,0,11749,µ¿ÇØ±Í¿î,7.124,,,,,
20210607,0,11749,µ¿ÇØ±Í¿î,7.043,,,,,
20210608,0,11749,µ¿ÇØ±Í¿î,6.962,,,,,
20210609,0,11749,µ¿ÇØ±Í¿î,6.881,,,,,
20210610,0,11749,µ¿ÇØ±Í¿î,6.8,,,,,
20210611,0,11749,µ¿ÇØ±Í¿î,6.719,,,,,
20210612,0,11749,µ¿ÇØ±Í¿î,6.556,,,,,
20210613,0,11749,µ¿ÇØ±Í¿î,6.394,,,,,
20210614,0,11749,µ¿ÇØ±Í¿î,6.313,,,,,
20210615,0,11749,µ¿ÇØ±Í¿î,6.151,,,,,
20210616,0,11749,µ¿ÇØ±Í¿î,6.07,,,,,
20210617,0,11749,µ¿ÇØ±Í¿î,6.07,,,,,
20210618,0,11749,µ¿ÇØ±Í¿î,6.232,,,,,
20210619,0,11749,µ¿ÇØ±Í¿î,6.638,,,,,
20210620,0,11749,µ¿ÇØ±Í¿î,6.881,,,,,
20210621,0,11749,µ¿ÇØ±Í¿î,6.962,,,,,
20210622,0,11749,µ¿ÇØ±Í¿î,6.881,,,,,
20210623,0,11749,µ¿ÇØ±Í¿î,6.962,,,,,
20210624,0,11749,µ¿ÇØ±Í¿î,6.881,,,,,
20210625,0,11749,µ¿ÇØ±Í¿î,6.8,,,,,
20210626,0,11749,µ¿ÇØ±Í¿î,6.556,,,,,
20210627,0,11749,µ¿ÇØ±Í¿î,6.475,,,,,
20210628,0,11749,µ¿ÇØ±Í¿î,6.313,,,,,
20210629,0,11749,µ¿ÇØ±Í¿î,6.151,,,,,
20210630,0,11749,µ¿ÇØ±Í¿î,5.989,,,,,
20210701,0,11749,µ¿ÇØ±Í¿î,5.989,,,,,
20210702,0,11749,µ¿ÇØ±Í¿î,5.907,,,,,
20210703,0,11749,µ¿ÇØ±Í¿î,5.745,,,,,
20210704,0,11749,µ¿ÇØ±Í¿î,5.907,,,,,
20210705,0,11749,µ¿ÇØ±Í¿î,7.936,,,,,
20210706,0,11749,µ¿ÇØ±Í¿î,7.936,,,,,
20210707,0,11749,µ¿ÇØ±Í¿î,7.855,,,,,
20210708,0,11749,µ¿ÇØ±Í¿î,7.855,,,,,
20210709,0,11749,µ¿ÇØ±Í¿î,7.773,,,,,
20210710,0,11749,µ¿ÇØ±Í¿î,7.773,,,,,
20210711,0,11749,µ¿ÇØ±Í¿î,7.692,,,,,
20210712,0,11749,µ¿ÇØ±Í¿î,7.611,,,,,
20210713,0,11749,µ¿ÇØ±Í¿î,7.449,,,,,
20210714,0,11749,µ¿ÇØ±Í¿î,7.368,,,,,
20210715,0,11749,µ¿ÇØ±Í¿î,7.287,,,,,
20210716,0,11749,µ¿ÇØ±Í¿î,7.206,,,,,
20210717,0,11749,µ¿ÇØ±Í¿î,7.124,,,,,
20210718,0,11749,µ¿ÇØ±Í¿î,7.043,,,,,
20210719,0,11749,µ¿ÇØ±Í¿î,6.881,,,,,
20210720,0,11749,µ¿ÇØ±Í¿î,6.719,,,,,
20210721,0,11749,µ¿ÇØ±Í¿î,6.556,,,,,
20210722,0,11749,µ¿ÇØ±Í¿î,6.475,,,,,
20210723,0,11749,µ¿ÇØ±Í¿î,6.394,,,,,
20210724,0,11749,µ¿ÇØ±Í¿î,6.232,,,,,
20210725,0,11749,µ¿ÇØ±Í¿î,6.07,,,,,
20210726,0,11749,µ¿ÇØ±Í¿î,5.826,,,,,
20210727,0,11749,µ¿ÇØ±Í¿î,5.583,,,,,
20210728,1,11749,µ¿ÇØ±Í¿î,5.421,,,,,
20210729,1,11749,µ¿ÇØ±Í¿î,5.339,,,,,
20210730,1,11749,µ¿ÇØ±Í¿î,5.339,,,,,
20210731,1,11749,µ¿ÇØ±Í¿î,5.177,,,,,
20210801,1,11749,µ¿ÇØ±Í¿î,5.015,,,,,
20210802,1,11749,µ¿ÇØ±Í¿î,4.772,,,,,
20210803,1,11749,µ¿ÇØ±Í¿î,4.69,,,,,
20210804,1,11749,µ¿ÇØ±Í¿î,4.528,,,,,
20210805,2,11749,µ¿ÇØ±Í¿î,4.366,,,,,
20210806,2,11749,µ¿ÇØ±Í¿î,4.285,,,,,
20210807,2,11749,µ¿ÇØ±Í¿î,4.122,,,,,
20210808,3,11749,µ¿ÇØ±Í¿î,4.041,,,,,
20210809,3,11749,µ¿ÇØ±Í¿î,4.041,,,,,
20210810,0,11749,µ¿ÇØ±Í¿î,6.638,,,,,
20210811,0,11749,µ¿ÇØ±Í¿î,7.692,,,,,
20210812,0,11749,µ¿ÇØ±Í¿î,7.773,,,,,
20210813,0,11749,µ¿ÇØ±Í¿î,7.692,,,,,
20210814,0,11749,µ¿ÇØ±Í¿î,7.611,,,,,
20210815,0,11749,µ¿ÇØ±Í¿î,8.179,,,,,
20210816,0,11749,µ¿ÇØ±Í¿î,8.098,,,,,
20210817,0,11749,µ¿ÇØ±Í¿î,7.936,,,,,
20210818,0,11749,µ¿ÇØ±Í¿î,8.26,,,,,
20210819,0,11749,µ¿ÇØ±Í¿î,8.585,,,,,
20210820,0,11749,µ¿ÇØ±Í¿î,8.423,,,,,
20210821,0,11749,µ¿ÇØ±Í¿î,8.26,,,,,
20210822,0,11749,µ¿ÇØ±Í¿î,8.179,,,,,
20210823,0,11749,µ¿ÇØ±Í¿î,8.017,,,,,
20210824,0,11749,µ¿ÇØ±Í¿î,7.936,,,,,
20210825,0,11749,µ¿ÇØ±Í¿î,8.098,,,,,
20210826,0,11749,µ¿ÇØ±Í¿î,8.098,,,,,
20210827,0,11749,µ¿ÇØ±Í¿î,8.017,,,,,
20210828,0,11749,µ¿ÇØ±Í¿î,8.017,,,,,
20210829,0,11749,µ¿ÇØ±Í¿î,7.936,,,,,
20210830,0,11749,µ¿ÇØ±Í¿î,7.855,,,,,
20210831,0,11749,µ¿ÇØ±Í¿î,7.692,,,,,
20210901,0,11749,µ¿ÇØ±Í¿î,7.855,,,,,
20210902,0,11749,µ¿ÇØ±Í¿î,8.828,,,,,
20210903,0,11749,µ¿ÇØ±Í¿î,8.504,,,,,
20210904,0,11749,µ¿ÇØ±Í¿î,8.098,,,,,
20210905,0,11749,µ¿ÇØ±Í¿î,7.936,,,,,
20210906,0,11749,µ¿ÇØ±Í¿î,7.855,,,,,
20210907,0,11749,µ¿ÇØ±Í¿î,7.773,,,,,
20210908,0,11749,µ¿ÇØ±Í¿î,7.773,,,,,
20210909,0,11749,µ¿ÇØ±Í¿î,7.773,,,,,
20210910,0,11749,µ¿ÇØ±Í¿î,7.692,,,,,
20210911,0,11749,µ¿ÇØ±Í¿î,7.611,,,,,
20210912,0,11749,µ¿ÇØ±Í¿î,7.611,,,,,
20210913,0,11749,µ¿ÇØ±Í¿î,7.53,,,,,
20210914,0,11749,µ¿ÇØ±Í¿î,7.53,,,,,
20210915,0,11749,µ¿ÇØ±Í¿î,7.449,,,,,
20210916,0,11749,µ¿ÇØ±Í¿î,7.449,,,,,
20210917,0,11749,µ¿ÇØ±Í¿î,7.449,,,,,
20210918,0,11749,µ¿ÇØ±Í¿î,7.368,,,,,
20210919,0,11749,µ¿ÇØ±Í¿î,7.449,,,,,
20210920,0,11749,µ¿ÇØ±Í¿î,7.368,,,,,
20210921,0,11749,µ¿ÇØ±Í¿î,7.368,,,,,
20210922,0,11749,µ¿ÇØ±Í¿î,7.368,,,,,
20210923,0,11749,µ¿ÇØ±Í¿î,7.368,,,,,
20210924,0,11749,µ¿ÇØ±Í¿î,7.287,,,,,
20210925,0,11749,µ¿ÇØ±Í¿î,7.206,,,,,
20210926,0,11749,µ¿ÇØ±Í¿î,7.53,,,,,
20210927,0,11749,µ¿ÇØ±Í¿î,7.53,,,,,
20210928,0,11749,µ¿ÇØ±Í¿î,7.53,,,,,
20210929,0,11749,µ¿ÇØ±Í¿î,7.449,,,,,
20210930,0,11749,µ¿ÇØ±Í¿î,7.449,,,,,
20211001,0,11749,µ¿ÇØ±Í¿î,7.449,,,,,
20211002,0,11749,µ¿ÇØ±Í¿î,7.368,,,,,
20211003,0,11749,µ¿ÇØ±Í¿î,7.368,,,,,
20211004,0,11749,µ¿ÇØ±Í¿î,7.287,,,,,
20211005,0,11749,µ¿ÇØ±Í¿î,7.206,,,,,
20211006,0,11749,µ¿ÇØ±Í¿î,7.124,,,,,
20211007,0,11749,µ¿ÇØ±Í¿î,7.773,,,,,
20211008,0,11749,µ¿ÇØ±Í¿î,7.773,,,,,
20211009,0,11749,µ¿ÇØ±Í¿î,7.692,,,,,
20211010,0,11749,µ¿ÇØ±Í¿î,8.017,,,,,
20211011,0,11749,µ¿ÇØ±Í¿î,7.936,,,,,
20211012,0,11749,µ¿ÇØ±Í¿î,7.855,,,,,
20211013,0,11749,µ¿ÇØ±Í¿î,7.855,,,,,
20211014,0,11749,µ¿ÇØ±Í¿î,7.773,,,,,
20211015,0,11749,µ¿ÇØ±Í¿î,7.692,,,,,
20211016,0,11749,µ¿ÇØ±Í¿î,7.855,,,,,
20211017,0,11749,µ¿ÇØ±Í¿î,8.098,,,,,
20211018,0,11749,µ¿ÇØ±Í¿î,7.936,,,,,
20211019,0,11749,µ¿ÇØ±Í¿î,7.773,,,,,
20211020,0,11749,µ¿ÇØ±Í¿î,7.692,,,,,
20211021,0,11749,µ¿ÇØ±Í¿î,7.611,,,,,
20211022,0,11749,µ¿ÇØ±Í¿î,7.692,,,,,
20211023,0,11749,µ¿ÇØ±Í¿î,7.611,,,,,
20211024,0,11749,µ¿ÇØ±Í¿î,7.611,,,,,
20211025,0,11749,µ¿ÇØ±Í¿î,7.53,,,,,
20211026,0,11749,µ¿ÇØ±Í¿î,7.53,,,,,
20211027,0,11749,µ¿ÇØ±Í¿î,7.449,,,,,
20211028,0,11749,µ¿ÇØ±Í¿î,7.449,,,,,
20211029,0,11749,µ¿ÇØ±Í¿î,7.368,,,,,
20211030,0,11749,µ¿ÇØ±Í¿î,7.287,,,,,
20211031,0,11749,µ¿ÇØ±Í¿î,7.287,,,,,
20211101,0,11749,µ¿ÇØ±Í¿î,7.206,,,,,
20211102,0,11749,µ¿ÇØ±Í¿î,7.206,,,,,
20211103,0,11749,µ¿ÇØ±Í¿î,7.124,,,,,
20211104,0,11749,µ¿ÇØ±Í¿î,7.124,,,,,
20211105,0,11749,µ¿ÇØ±Í¿î,7.043,,,,,
20211106,0,11749,µ¿ÇØ±Í¿î,6.962,,,,,
20211107,0,11749,µ¿ÇØ±Í¿î,6.881,,,,,
20211108,0,11749,µ¿ÇØ±Í¿î,6.8,,,,,
20211109,0,11749,µ¿ÇØ±Í¿î,6.8,,,,,
20211110,0,11749,µ¿ÇØ±Í¿î,6.8,,,,,
20211111,0,11749,µ¿ÇØ±Í¿î,6.719,,,,,
20211112,0,11749,µ¿ÇØ±Í¿î,6.638,,,,,
20211113,0,11749,µ¿ÇØ±Í¿î,6.556,,,,,
20211114,0,11749,µ¿ÇØ±Í¿î,6.394,,,,,
20211115,0,11749,µ¿ÇØ±Í¿î,6.232,,,,,
20211116,0,11749,µ¿ÇØ±Í¿î,6.151,,,,,
20211117,0,11749,µ¿ÇØ±Í¿î,6.313,,,,,
20211118,0,11749,µ¿ÇØ±Í¿î,6.313,,,,,
20211119,0,11749,µ¿ÇØ±Í¿î,6.232,,,,,
20211120,0,11749,µ¿ÇØ±Í¿î,6.151,,,,,
20211121,0,11749,µ¿ÇØ±Í¿î,5.989,,,,,
20211122,0,11749,µ¿ÇØ±Í¿î,5.826,,,,,
20211123,0,11749,µ¿ÇØ±Í¿î,5.745,,,,,
20211124,0,11749,µ¿ÇØ±Í¿î,5.583,,,,,
20211125,0,11749,µ¿ÇØ±Í¿î,5.583,,,,,
20211126,1,11749,µ¿ÇØ±Í¿î,5.421,,,,,
20211127,1,11749,µ¿ÇØ±Í¿î,5.339,,,,,
20211128,1,11749,µ¿ÇØ±Í¿î,5.258,,,,,
20211129,1,11749,µ¿ÇØ±Í¿î,5.096,,,,,
20211130,1,11749,µ¿ÇØ±Í¿î,5.015,,,,,
20211201,1,11749,µ¿ÇØ±Í¿î,4.853,,,,,
20211202,1,11749,µ¿ÇØ±Í¿î,4.853,,,,,
20211203,1,11749,µ¿ÇØ±Í¿î,4.772,,,,,
20211204,1,11749,µ¿ÇØ±Í¿î,4.69,,,,,
20211205,1,11749,µ¿ÇØ±Í¿î,4.609,,,,,
20211206,1,11749,µ¿ÇØ±Í¿î,4.447,,,,,
20211207,2,11749,µ¿ÇØ±Í¿î,4.366,,,,,
20211208,2,11749,µ¿ÇØ±Í¿î,4.285,,,,,
20211209,2,11749,µ¿ÇØ±Í¿î,4.204,,,,,
20211210,2,11749,µ¿ÇØ±Í¿î,4.122,,,,,
20211211,3,11749,µ¿ÇØ±Í¿î,4.041,,,,,
20211212,3,11749,µ¿ÇØ±Í¿î,4.041,,,,,
20211213,3,11749,µ¿ÇØ±Í¿î,3.96,,,,,
20211214,3,11749,µ¿ÇØ±Í¿î,3.96,,,,,
20211215,3,11749,µ¿ÇØ±Í¿î,3.879,,,,,
20211216,3,11749,µ¿ÇØ±Í¿î,3.879,,,,,
20211217,3,11749,µ¿ÇØ±Í¿î,3.798,,,,,
20211218,3,11749,µ¿ÇØ±Í¿î,3.879,,,,,
20211219,3,11749,µ¿ÇØ±Í¿î,3.879,,,,,
20211220,3,11749,µ¿ÇØ±Í¿î,3.879,,,,,
20211221,3,11749,µ¿ÇØ±Í¿î,3.879,,,,,
20211222,3,11749,µ¿ÇØ±Í¿î,3.879,,,,,
20211223,3,11749,µ¿ÇØ±Í¿î,3.879,,,,,
20211224,3,11749,µ¿ÇØ±Í¿î,3.798,,,,,
20211225,3,11749,µ¿ÇØ±Í¿î,3.798,,,,,
20211226,3,11749,µ¿ÇØ±Í¿î,3.798,,,,,
20211227,3,11749,µ¿ÇØ±Í¿î,3.798,,,,,
20211228,3,11749,µ¿ÇØ±Í¿î,3.717,,,,,
20211229,3,11749,µ¿ÇØ±Í¿î,3.717,,,,,
20211230,3,11749,µ¿ÇØ±Í¿î,3.636,,,,,
20211231,3,11749,µ¿ÇØ±Í¿î,3.636,,,,,
20220101,3,11749,µ¿ÇØ±Í¿î,3.555,,,,,
20220102,3,11749,µ¿ÇØ±Í¿î,3.555,,,,,
20220103,3,11749,µ¿ÇØ±Í¿î,3.555,,,,,
20220104,3,11749,µ¿ÇØ±Í¿î,3.473,,,,,
20220105,3,11749,µ¿ÇØ±Í¿î,3.473,,,,,
20220106,3,11749,µ¿ÇØ±Í¿î,3.392,,,,,
20220107,3,11749,µ¿ÇØ±Í¿î,3.392,,,,,
20220108,3,11749,µ¿ÇØ±Í¿î,3.311,,,,,
20220109,3,11749,µ¿ÇØ±Í¿î,3.311,,,,,
20220110,3,11749,µ¿ÇØ±Í¿î,3.23,,,,,
20220111,3,11749,µ¿ÇØ±Í¿î,3.23,,,,,
20220112,3,11749,µ¿ÇØ±Í¿î,3.149,,,,,
20220113,3,11749,µ¿ÇØ±Í¿î,3.149,,,,,
20220114,3,11749,µ¿ÇØ±Í¿î,3.068,,,,,
20220115,3,11749,µ¿ÇØ±Í¿î,2.987,,,,,
20220116,3,11749,µ¿ÇØ±Í¿î,2.987,,,,,
20220117,3,11749,µ¿ÇØ±Í¿î,2.905,,,,,
20220118,3,11749,µ¿ÇØ±Í¿î,2.824,,,,,
20220119,3,11749,µ¿ÇØ±Í¿î,2.824,,,,,
20220120,3,11749,µ¿ÇØ±Í¿î,2.743,,,,,
20220121,3,11749,µ¿ÇØ±Í¿î,2.662,,,,,
20220122,3,11749,µ¿ÇØ±Í¿î,2.662,,,,,
20220123,3,11749,µ¿ÇØ±Í¿î,2.581,,,,,
20220124,3,11749,µ¿ÇØ±Í¿î,2.5,,,,,
20220125,3,11749,µ¿ÇØ±Í¿î,2.5,,,,,
20220126,3,11749,µ¿ÇØ±Í¿î,2.419,,,,,
20220127,3,11749,µ¿ÇØ±Í¿î,2.419,,,,,
20220128,3,11749,µ¿ÇØ±Í¿î,2.338,,,,,
20220129,3,11749,µ¿ÇØ±Í¿î,2.256,,,,,
20220130,3,11749,µ¿ÇØ±Í¿î,2.256,,,,,
20220131,3,11749,µ¿ÇØ±Í¿î,2.256,,,,,
